{"minecraft:recipes/decorations/crafting_table":{"criteria":{"unlock_right_away":"2024-10-11 20:24:27 +0000"},"done":true},"minecraft:adventure/adventuring_time":{"criteria":{"minecraft:cold_ocean":"2024-10-11 20:26:13 +0000","minecraft:frozen_ocean":"2024-10-11 20:25:04 +0000","minecraft:deep_ocean":"2024-10-11 20:24:28 +0000","minecraft:snowy_taiga":"2024-10-11 20:24:39 +0000","minecraft:snowy_beach":"2024-10-11 20:24:36 +0000"},"done":false},"minecraft:recipes/transportation/mangrove_boat":{"criteria":{"in_water":"2024-10-11 20:25:05 +0000"},"done":true},"minecraft:recipes/transportation/acacia_boat":{"criteria":{"in_water":"2024-10-11 20:25:05 +0000"},"done":true},"minecraft:recipes/transportation/cherry_boat":{"criteria":{"in_water":"2024-10-11 20:25:05 +0000"},"done":true},"minecraft:recipes/transportation/bamboo_raft":{"criteria":{"in_water":"2024-10-11 20:25:05 +0000"},"done":true},"minecraft:recipes/transportation/spruce_boat":{"criteria":{"in_water":"2024-10-11 20:25:05 +0000"},"done":true},"minecraft:recipes/transportation/birch_boat":{"criteria":{"in_water":"2024-10-11 20:25:05 +0000"},"done":true},"minecraft:recipes/transportation/oak_boat":{"criteria":{"in_water":"2024-10-11 20:25:05 +0000"},"done":true},"minecraft:recipes/transportation/jungle_boat":{"criteria":{"in_water":"2024-10-11 20:25:05 +0000"},"done":true},"minecraft:recipes/transportation/dark_oak_boat":{"criteria":{"in_water":"2024-10-11 20:25:05 +0000"},"done":true},"DataVersion":3955}